depth,water_content,D17O,d18O,temperature
2.5,0.0008,-99,0.2524,20
7.5,0.01,-199,2.8648,20
12.5,0.007,-44,3.4489,20
17.5,0.01,15,-6.8061,20
22.5,0.0083,13,-10.3328,20
35,0.0105,59,-13.6849,20
55,0.0269,22,-13.8192,20
65,0.0523,47,-13.4528,20
75,0.05,55,-13.4369,20
85,0.0475,13,-13.2084,20
95,0.0475,-5,-13.8978,20
